subscription_id,user_id,plan_id,price,currency,start_date,end_date,status,created_at
s_u0003_1,u0003,basic,9.99,USD,2026-01-12,2026-01-24,canceled,2026-01-12 01:00:00+00:00
s_u0003_2,u0003,pro,19.99,USD,2026-01-17,,active,2026-01-17 02:00:00+00:00
s_u0004_1,u0004,pro,19.99,USD,2026-01-13,2026-01-31,canceled,2026-01-13 01:00:00+00:00
s_u0006_1,u0006,pro,19.99,USD,2026-01-11,,active,2026-01-11 01:00:00+00:00
s_u0008_1,u0008,basic,9.99,USD,2026-01-10,,active,2026-01-10 01:00:00+00:00
s_u0008_3,u0008,basic,9.99,USD,2026-02-09,,canceled,2026-02-09 03:00:00+00:00
s_u0009_1,u0009,basic,9.99,USD,2026-01-09,2026-01-28,canceled,2026-01-09 01:00:00+00:00
s_u0011_1,u0011,basic,9.99,USD,2026-01-08,2026-01-31,canceled,2026-01-08 01:00:00+00:00
s_u0012_1,u0012,pro,19.99,USD,2026-01-03,,active,2026-01-03 01:00:00+00:00
s_u0013_1,u0013,basic,9.99,USD,2026-01-12,2026-02-02,canceled,2026-01-12 01:00:00+00:00
s_u0013_2,u0013,pro,19.99,USD,2026-01-27,,active,2026-01-27 02:00:00+00:00
s_u0014_1,u0014,basic,9.99,USD,2026-01-14,,active,2026-01-14 01:00:00+00:00
s_u0014_2,u0014,pro,19.99,USD,2026-01-26,,active,2026-01-26 02:00:00+00:00
s_u0016_1,u0016,pro,19.99,USD,2026-01-16,2026-02-10,canceled,2026-01-16 01:00:00+00:00
s_u0016_2,u0016,basic,9.99,USD,2026-01-28,,active,2026-01-28 02:00:00+00:00
s_u0016_3,u0016,pro,19.99,USD,2026-02-18,2026-03-02,active,2026-02-18 03:00:00+00:00
s_u0017_1,u0017,basic,9.99,USD,2026-01-04,2026-01-19,canceled,2026-01-04 01:00:00+00:00
s_u0018_1,u0018,basic,9.99,USD,2026-01-06,2026-01-20,canceled,2026-01-06 01:00:00+00:00
s_u0019_1,u0019,basic,9.99,USD,2026-01-07,,active,2026-01-07 01:00:00+00:00
s_u0021_1,u0021,pro,19.99,USD,2026-01-06,2026-01-18,canceled,2026-01-06 01:00:00+00:00
s_u0021_3,u0021,basic,9.99,USD,2026-01-24,2026-02-05,active,2026-01-24 03:00:00+00:00
s_u0022_1,u0022,pro,19.99,USD,2026-01-05,2026-01-28,canceled,2026-01-05 01:00:00+00:00
s_u0023_1,u0023,basic,9.99,USD,2026-01-16,2026-02-02,canceled,2026-01-16 01:00:00+00:00
s_u0025_1,u0025,pro,19.99,USD,2026-01-10,2026-01-28,canceled,2026-01-10 01:00:00+00:00
s_u0026_1,u0026,basic,9.99,USD,2026-01-14,2026-01-28,canceled,2026-01-14 01:00:00+00:00
s_u0027_1,u0027,team,49.99,USD,2026-01-08,2026-01-18,canceled,2026-01-08 01:00:00+00:00
s_u0028_1,u0028,basic,9.99,USD,2026-01-12,,active,2026-01-12 01:00:00+00:00
s_u0029_1,u0029,basic,9.99,USD,2026-01-10,2026-02-01,canceled,2026-01-10 01:00:00+00:00
s_u0029_2,u0029,pro,19.99,USD,2026-01-17,,active,2026-01-17 02:00:00+00:00
s_u0030_1,u0030,pro,19.99,USD,2026-01-09,,active,2026-01-09 01:00:00+00:00
s_u0031_1,u0031,basic,9.99,USD,2026-01-05,2026-01-29,canceled,2026-01-05 01:00:00+00:00
s_u0031_2,u0031,team,49.99,USD,2026-01-16,,active,2026-01-16 02:00:00+00:00
s_u0032_1,u0032,basic,9.99,USD,2026-01-05,2026-01-25,canceled,2026-01-05 01:00:00+00:00
s_u0032_2,u0032,team,49.99,USD,2026-01-17,,active,2026-01-17 02:00:00+00:00
s_u0033_1,u0033,team,49.99,USD,2026-01-12,2026-02-02,canceled,2026-01-12 01:00:00+00:00
s_u0036_1,u0036,basic,9.99,USD,2026-01-11,2026-02-03,canceled,2026-01-11 01:00:00+00:00
s_u0037_1,u0037,basic,9.99,USD,2026-01-11,,active,2026-01-11 01:00:00+00:00
s_u0038_1,u0038,pro,19.99,USD,2026-01-07,2026-01-20,canceled,2026-01-07 01:00:00+00:00
s_u0038_2,u0038,team,49.99,USD,2026-01-17,2026-01-29,canceled,2026-01-17 02:00:00+00:00
s_u0039_1,u0039,basic,9.99,USD,2026-01-05,2026-01-16,canceled,2026-01-05 01:00:00+00:00
s_u0040_1,u0040,pro,19.99,USD,2026-01-06,2026-01-20,canceled,2026-01-06 01:00:00+00:00
s_u0043_1,u0043,basic,9.99,USD,2026-01-05,,active,2026-01-05 01:00:00+00:00
s_u0046_1,u0046,pro,19.99,USD,2026-01-15,,active,2026-01-15 01:00:00+00:00
s_u0047_1,u0047,basic,9.99,USD,2026-01-02,2026-01-27,canceled,2026-01-02 01:00:00+00:00
s_u0049_1,u0049,pro,19.99,USD,2026-01-09,2026-01-22,canceled,2026-01-09 01:00:00+00:00
s_u0050_1,u0050,basic,9.99,USD,2026-01-13,,active,2026-01-13 01:00:00+00:00
s_u0050_2,u0050,pro,19.99,USD,2026-01-26,2026-02-07,canceled,2026-01-26 02:00:00+00:00
s_u0051_1,u0051,team,49.99,USD,2026-01-08,,active,2026-01-08 01:00:00+00:00
s_u0053_1,u0053,basic,9.99,USD,2026-01-05,,active,2026-01-05 01:00:00+00:00
s_u0054_1,u0054,basic,9.99,USD,2026-01-14,2026-02-08,canceled,2026-01-14 01:00:00+00:00
s_u0056_1,u0056,basic,9.99,USD,2026-01-07,,active,2026-01-07 01:00:00+00:00
s_u0057_1,u0057,basic,9.99,USD,2026-01-14,2026-01-26,canceled,2026-01-14 01:00:00+00:00
s_u0058_1,u0058,basic,9.99,USD,2026-01-08,,active,2026-01-08 01:00:00+00:00
s_u0058_2,u0058,pro,19.99,USD,2026-01-10,,active,2026-01-10 02:00:00+00:00
s_u0058_3,u0058,basic,9.99,USD,2026-01-31,2026-02-08,canceled,2026-01-31 03:00:00+00:00
s_u0061_1,u0061,pro,19.99,USD,2026-01-14,,active,2026-01-14 01:00:00+00:00
s_u0062_1,u0062,pro,19.99,USD,2026-01-13,,active,2026-01-13 01:00:00+00:00
s_u0063_1,u0063,pro,19.99,USD,2026-01-12,,active,2026-01-12 01:00:00+00:00
s_u0067_1,u0067,pro,19.99,USD,2026-01-02,2026-01-22,canceled,2026-01-02 01:00:00+00:00
s_u0068_1,u0068,team,49.99,USD,2026-01-13,2026-02-06,canceled,2026-01-13 01:00:00+00:00
s_u0070_1,u0070,pro,19.99,USD,2026-01-04,,active,2026-01-04 01:00:00+00:00
s_u0074_1,u0074,basic,9.99,USD,2026-01-14,2026-01-27,canceled,2026-01-14 01:00:00+00:00
s_u0074_2,u0074,team,49.99,USD,2026-01-18,,active,2026-01-18 02:00:00+00:00
s_u0075_1,u0075,pro,19.99,USD,2026-01-08,2026-01-18,canceled,2026-01-08 01:00:00+00:00
s_u0077_1,u0077,basic,9.99,USD,2026-01-11,,active,2026-01-11 01:00:00+00:00
s_u0078_1,u0078,team,49.99,USD,2026-01-12,2026-01-26,canceled,2026-01-12 01:00:00+00:00
s_u0085_1,u0085,pro,19.99,USD,2026-01-10,,active,2026-01-10 01:00:00+00:00
s_u0085_3,u0085,pro,19.99,USD,2026-02-09,2026-02-19,canceled,2026-02-09 03:00:00+00:00
s_u0086_1,u0086,basic,9.99,USD,2026-01-11,,active,2026-01-11 01:00:00+00:00
s_u0087_1,u0087,basic,9.99,USD,2026-01-05,,active,2026-01-05 01:00:00+00:00
s_u0088_1,u0088,basic,9.99,USD,2026-01-10,,active,2026-01-10 01:00:00+00:00
s_u0088_3,u0088,team,49.99,USD,2026-01-28,2026-02-11,canceled,2026-01-28 03:00:00+00:00
s_u0092_1,u0092,basic,9.99,USD,2026-01-14,2026-02-07,canceled,2026-01-14 01:00:00+00:00
s_u0094_1,u0094,pro,19.99,USD,2026-01-05,2026-01-18,canceled,2026-01-05 01:00:00+00:00
s_u0096_1,u0096,basic,9.99,USD,2026-01-04,,active,2026-01-04 01:00:00+00:00
s_u0097_1,u0097,basic,9.99,USD,2026-01-12,2026-01-30,canceled,2026-01-12 01:00:00+00:00
s_u0098_1,u0098,pro,19.99,USD,2026-01-05,2026-01-15,canceled,2026-01-05 01:00:00+00:00
s_u0098_2,u0098,basic,9.99,USD,2026-01-17,2026-02-04,canceled,2026-01-17 02:00:00+00:00
s_u0099_1,u0099,basic,9.99,USD,2026-01-09,,active,2026-01-09 01:00:00+00:00
s_u0099_2,u0099,team,49.99,USD,2026-01-17,2026-02-04,canceled,2026-01-17 02:00:00+00:00
s_u0102_1,u0102,pro,19.99,USD,2026-01-06,,active,2026-01-06 01:00:00+00:00
s_u0104_1,u0104,pro,19.99,USD,2026-01-14,2026-02-08,canceled,2026-01-14 01:00:00+00:00
s_u0105_1,u0105,basic,9.99,USD,2026-01-06,,active,2026-01-06 01:00:00+00:00
s_u0105_2,u0105,team,49.99,USD,2026-01-14,2026-01-25,canceled,2026-01-14 02:00:00+00:00
s_u0106_1,u0106,basic,9.99,USD,2026-01-04,,active,2026-01-04 01:00:00+00:00
s_u0106_2,u0106,pro,19.99,USD,2026-01-14,2026-01-28,canceled,2026-01-14 02:00:00+00:00
s_u0106_3,u0106,pro,19.99,USD,2026-01-30,2026-02-06,canceled,2026-01-30 03:00:00+00:00
s_u0107_1,u0107,pro,19.99,USD,2026-01-12,2026-01-28,canceled,2026-01-12 01:00:00+00:00
s_u0108_1,u0108,team,49.99,USD,2026-01-12,,active,2026-01-12 01:00:00+00:00
s_u0110_1,u0110,basic,9.99,USD,2026-01-09,,active,2026-01-09 01:00:00+00:00
s_u0111_1,u0111,basic,9.99,USD,2026-01-06,,active,2026-01-06 01:00:00+00:00
s_u0111_2,u0111,team,49.99,USD,2026-01-08,,active,2026-01-08 02:00:00+00:00
s_u0113_1,u0113,basic,9.99,USD,2026-01-03,2026-01-19,canceled,2026-01-03 01:00:00+00:00
s_u0114_1,u0114,pro,19.99,USD,2026-01-13,2026-02-02,canceled,2026-01-13 01:00:00+00:00
s_u0115_1,u0115,basic,9.99,USD,2026-01-09,2026-01-30,canceled,2026-01-09 01:00:00+00:00
s_u0117_1,u0117,pro,19.99,USD,2026-01-07,,active,2026-01-07 01:00:00+00:00
s_u0117_3,u0117,basic,9.99,USD,2026-01-21,2026-02-07,active,2026-01-21 03:00:00+00:00
s_u0118_1,u0118,basic,9.99,USD,2026-01-07,,active,2026-01-07 01:00:00+00:00
s_u0119_1,u0119,basic,9.99,USD,2026-01-15,2026-02-07,canceled,2026-01-15 01:00:00+00:00
s_u0121_1,u0121,pro,19.99,USD,2026-01-10,2026-02-02,canceled,2026-01-10 01:00:00+00:00
s_u0121_2,u0121,basic,9.99,USD,2026-01-12,2026-01-28,canceled,2026-01-12 02:00:00+00:00
s_u0122_1,u0122,basic,9.99,USD,2026-01-08,,active,2026-01-08 01:00:00+00:00
s_u0124_1,u0124,team,49.99,USD,2026-01-15,2026-01-26,canceled,2026-01-15 01:00:00+00:00
s_u0125_1,u0125,basic,9.99,USD,2026-01-08,,active,2026-01-08 01:00:00+00:00
s_u0127_1,u0127,basic,9.99,USD,2026-01-11,2026-01-28,canceled,2026-01-11 01:00:00+00:00
s_u0128_1,u0128,basic,9.99,USD,2026-01-11,,active,2026-01-11 01:00:00+00:00
s_u0128_2,u0128,team,49.99,USD,2026-01-16,,active,2026-01-16 02:00:00+00:00
s_u0131_1,u0131,pro,19.99,USD,2026-01-09,,active,2026-01-09 01:00:00+00:00
s_u0134_1,u0134,pro,19.99,USD,2026-01-11,2026-01-22,canceled,2026-01-11 01:00:00+00:00
s_u0134_2,u0134,basic,9.99,USD,2026-01-21,2026-02-06,canceled,2026-01-21 02:00:00+00:00
s_u0136_1,u0136,basic,9.99,USD,2026-01-11,2026-02-05,canceled,2026-01-11 01:00:00+00:00
s_u0137_1,u0137,pro,19.99,USD,2026-01-12,,active,2026-01-12 01:00:00+00:00
s_u0137_2,u0137,basic,9.99,USD,2026-01-18,2026-01-31,canceled,2026-01-18 02:00:00+00:00
s_u0139_1,u0139,basic,9.99,USD,2026-01-11,,active,2026-01-11 01:00:00+00:00
s_u0139_2,u0139,pro,19.99,USD,2026-01-18,2026-02-02,canceled,2026-01-18 02:00:00+00:00
s_u0140_1,u0140,basic,9.99,USD,2026-01-04,,active,2026-01-04 01:00:00+00:00
s_u0142_1,u0142,team,49.99,USD,2026-01-09,,active,2026-01-09 01:00:00+00:00
s_u0143_1,u0143,basic,9.99,USD,2026-01-10,2026-02-02,canceled,2026-01-10 01:00:00+00:00
s_u0146_1,u0146,pro,19.99,USD,2026-01-04,2026-01-17,canceled,2026-01-04 01:00:00+00:00
s_u0146_2,u0146,team,49.99,USD,2026-01-14,2026-01-27,canceled,2026-01-14 02:00:00+00:00
s_u0147_1,u0147,pro,19.99,USD,2026-01-08,2026-01-22,canceled,2026-01-08 01:00:00+00:00
s_u0148_1,u0148,basic,9.99,USD,2026-01-12,2026-02-01,canceled,2026-01-12 01:00:00+00:00
s_u0149_1,u0149,basic,9.99,USD,2026-01-11,,active,2026-01-11 01:00:00+00:00
s_u0149_2,u0149,pro,19.99,USD,2026-01-25,2026-02-03,canceled,2026-01-25 02:00:00+00:00
s_u0151_1,u0151,pro,19.99,USD,2026-01-11,,active,2026-01-11 01:00:00+00:00
s_u0153_1,u0153,basic,9.99,USD,2026-01-10,,active,2026-01-10 01:00:00+00:00
s_u0153_2,u0153,team,49.99,USD,2026-01-24,2026-02-08,canceled,2026-01-24 02:00:00+00:00
s_u0154_1,u0154,basic,9.99,USD,2026-01-10,2026-01-22,canceled,2026-01-10 01:00:00+00:00
s_u0154_2,u0154,team,49.99,USD,2026-01-17,2026-01-24,canceled,2026-01-17 02:00:00+00:00
s_u0155_1,u0155,team,49.99,USD,2026-01-13,2026-02-05,canceled,2026-01-13 01:00:00+00:00
s_u0155_2,u0155,basic,9.99,USD,2026-01-26,2026-02-10,canceled,2026-01-26 02:00:00+00:00
s_u0156_1,u0156,basic,9.99,USD,2026-01-13,2026-01-27,canceled,2026-01-13 01:00:00+00:00
s_u0156_2,u0156,pro,19.99,USD,2026-01-22,,active,2026-01-22 02:00:00+00:00
s_u0157_1,u0157,basic,9.99,USD,2026-01-05,,active,2026-01-05 01:00:00+00:00
s_u0157_2,u0157,team,49.99,USD,2026-01-06,2026-01-25,canceled,2026-01-06 02:00:00+00:00
s_u0157_3,u0157,basic,9.99,USD,2026-01-23,,active,2026-01-23 03:00:00+00:00
s_u0159_1,u0159,pro,19.99,USD,2026-01-05,,active,2026-01-05 01:00:00+00:00
s_u0160_1,u0160,basic,9.99,USD,2026-01-03,,active,2026-01-03 01:00:00+00:00
s_u0160_2,u0160,pro,19.99,USD,2026-01-11,2026-01-29,canceled,2026-01-11 02:00:00+00:00
s_u0160_3,u0160,basic,9.99,USD,2026-01-27,2026-02-11,canceled,2026-01-27 03:00:00+00:00
s_u0161_1,u0161,basic,9.99,USD,2026-01-10,,active,2026-01-10 01:00:00+00:00
s_u0163_1,u0163,pro,19.99,USD,2026-01-15,,active,2026-01-15 01:00:00+00:00
s_u0164_1,u0164,basic,9.99,USD,2026-01-12,,active,2026-01-12 01:00:00+00:00
s_u0164_2,u0164,team,49.99,USD,2026-01-23,2026-02-09,canceled,2026-01-23 02:00:00+00:00
s_u0166_1,u0166,basic,9.99,USD,2026-01-09,2026-01-23,canceled,2026-01-09 01:00:00+00:00
s_u0169_1,u0169,basic,9.99,USD,2026-01-14,,active,2026-01-14 01:00:00+00:00
s_u0170_1,u0170,pro,19.99,USD,2026-01-04,2026-01-23,canceled,2026-01-04 01:00:00+00:00
s_u0170_2,u0170,team,49.99,USD,2026-01-11,2026-01-27,canceled,2026-01-11 02:00:00+00:00
s_u0171_1,u0171,basic,9.99,USD,2026-01-10,2026-01-28,canceled,2026-01-10 01:00:00+00:00
s_u0172_1,u0172,pro,19.99,USD,2026-01-14,,active,2026-01-14 01:00:00+00:00
s_u0173_1,u0173,team,49.99,USD,2026-01-14,2026-02-01,canceled,2026-01-14 01:00:00+00:00
s_u0176_1,u0176,pro,19.99,USD,2026-01-11,,active,2026-01-11 01:00:00+00:00
s_u0180_1,u0180,basic,9.99,USD,2026-01-15,2026-01-30,canceled,2026-01-15 01:00:00+00:00
s_u0181_1,u0181,pro,19.99,USD,2026-01-09,2026-01-22,canceled,2026-01-09 01:00:00+00:00
s_u0182_1,u0182,basic,9.99,USD,2026-01-08,,active,2026-01-08 01:00:00+00:00
s_u0182_2,u0182,team,49.99,USD,2026-01-16,,active,2026-01-16 02:00:00+00:00
s_u0183_1,u0183,pro,19.99,USD,2026-01-05,2026-01-29,canceled,2026-01-05 01:00:00+00:00
s_u0184_1,u0184,pro,19.99,USD,2026-01-10,,active,2026-01-10 01:00:00+00:00
s_u0186_1,u0186,team,49.99,USD,2026-01-06,,active,2026-01-06 01:00:00+00:00
s_u0188_1,u0188,basic,9.99,USD,2026-01-12,,active,2026-01-12 01:00:00+00:00
s_u0191_1,u0191,pro,19.99,USD,2026-01-13,2026-01-23,canceled,2026-01-13 01:00:00+00:00
s_u0192_1,u0192,team,49.99,USD,2026-01-12,,active,2026-01-12 01:00:00+00:00
s_u0193_1,u0193,basic,9.99,USD,2026-01-06,,active,2026-01-06 01:00:00+00:00
s_u0193_2,u0193,team,49.99,USD,2026-01-14,2026-01-22,canceled,2026-01-14 02:00:00+00:00
s_u0193_3,u0193,basic,9.99,USD,2026-01-30,2026-02-15,canceled,2026-01-30 03:00:00+00:00
s_u0194_1,u0194,pro,19.99,USD,2026-01-08,,active,2026-01-08 01:00:00+00:00
s_u0194_2,u0194,basic,9.99,USD,2026-01-11,,active,2026-01-11 02:00:00+00:00
s_u0196_1,u0196,team,49.99,USD,2026-01-04,,active,2026-01-04 01:00:00+00:00
s_u0198_1,u0198,basic,9.99,USD,2026-01-11,,active,2026-01-11 01:00:00+00:00
s_u0198_2,u0198,pro,19.99,USD,2026-01-25,2026-02-06,canceled,2026-01-25 02:00:00+00:00
s_u0199_1,u0199,basic,9.99,USD,2026-01-10,,active,2026-01-10 01:00:00+00:00
s_u0203_1,u0203,basic,9.99,USD,2026-01-07,,active,2026-01-07 01:00:00+00:00
s_u0203_2,u0203,pro,19.99,USD,2026-01-19,,active,2026-01-19 02:00:00+00:00
s_u0204_1,u0204,team,49.99,USD,2026-01-07,2026-01-27,canceled,2026-01-07 01:00:00+00:00
s_u0205_1,u0205,pro,19.99,USD,2026-01-08,2026-01-20,canceled,2026-01-08 01:00:00+00:00
s_u0205_2,u0205,team,49.99,USD,2026-01-09,,active,2026-01-09 02:00:00+00:00
s_u0208_1,u0208,basic,9.99,USD,2026-01-13,2026-01-27,canceled,2026-01-13 01:00:00+00:00
s_u0209_1,u0209,pro,19.99,USD,2026-01-05,,active,2026-01-05 01:00:00+00:00
s_u0210_1,u0210,pro,19.99,USD,2026-01-09,2026-01-26,canceled,2026-01-09 01:00:00+00:00
s_u0210_2,u0210,team,49.99,USD,2026-01-15,,active,2026-01-15 02:00:00+00:00
s_u0212_1,u0212,basic,9.99,USD,2026-01-10,2026-01-20,canceled,2026-01-10 01:00:00+00:00
s_u0215_1,u0215,basic,9.99,USD,2026-01-05,,active,2026-01-05 01:00:00+00:00
s_u0216_1,u0216,pro,19.99,USD,2026-01-09,,active,2026-01-09 01:00:00+00:00
s_u0216_2,u0216,basic,9.99,USD,2026-01-19,,active,2026-01-19 02:00:00+00:00
s_u0218_1,u0218,basic,9.99,USD,2026-01-04,2026-01-14,canceled,2026-01-04 01:00:00+00:00
s_u0219_1,u0219,team,49.99,USD,2026-01-05,2026-01-28,canceled,2026-01-05 01:00:00+00:00
s_u0219_2,u0219,pro,19.99,USD,2026-01-14,,active,2026-01-14 02:00:00+00:00
s_u0221_1,u0221,pro,19.99,USD,2026-01-03,2026-01-25,canceled,2026-01-03 01:00:00+00:00
s_u0223_1,u0223,pro,19.99,USD,2026-01-08,2026-01-29,canceled,2026-01-08 01:00:00+00:00
s_u0224_1,u0224,basic,9.99,USD,2026-01-05,,active,2026-01-05 01:00:00+00:00
s_u0226_1,u0226,team,49.99,USD,2026-01-11,,active,2026-01-11 01:00:00+00:00
s_u0226_3,u0226,basic,9.99,USD,2026-02-05,2026-02-22,active,2026-02-05 03:00:00+00:00
s_u0227_1,u0227,basic,9.99,USD,2026-01-11,,active,2026-01-11 01:00:00+00:00
s_u0228_1,u0228,team,49.99,USD,2026-01-06,,active,2026-01-06 01:00:00+00:00
s_u0228_3,u0228,basic,9.99,USD,2026-02-01,,canceled,2026-02-01 03:00:00+00:00
s_u0229_1,u0229,basic,9.99,USD,2026-01-11,2026-01-28,canceled,2026-01-11 01:00:00+00:00
s_u0230_1,u0230,pro,19.99,USD,2026-01-09,,active,2026-01-09 01:00:00+00:00
s_u0232_1,u0232,basic,9.99,USD,2026-01-04,2026-01-28,canceled,2026-01-04 01:00:00+00:00
s_u0232_2,u0232,team,49.99,USD,2026-01-12,,active,2026-01-12 02:00:00+00:00
s_u0232_3,u0232,basic,9.99,USD,2026-02-04,,canceled,2026-02-04 03:00:00+00:00
s_u0233_1,u0233,pro,19.99,USD,2026-01-06,2026-01-20,canceled,2026-01-06 01:00:00+00:00
s_u0233_2,u0233,team,49.99,USD,2026-01-17,,active,2026-01-17 02:00:00+00:00
s_u0234_1,u0234,team,49.99,USD,2026-01-05,2026-01-22,canceled,2026-01-05 01:00:00+00:00
s_u0234_2,u0234,basic,9.99,USD,2026-01-07,,active,2026-01-07 02:00:00+00:00
s_u0237_1,u0237,pro,19.99,USD,2026-01-05,,active,2026-01-05 01:00:00+00:00
s_u0238_1,u0238,pro,19.99,USD,2026-01-10,2026-01-23,canceled,2026-01-10 01:00:00+00:00
s_u0239_1,u0239,pro,19.99,USD,2026-01-08,2026-02-02,canceled,2026-01-08 01:00:00+00:00
s_u0240_1,u0240,basic,9.99,USD,2026-01-06,,active,2026-01-06 01:00:00+00:00
s_u0241_1,u0241,basic,9.99,USD,2026-01-15,2026-02-09,canceled,2026-01-15 01:00:00+00:00
s_u0242_1,u0242,pro,19.99,USD,2026-01-07,2026-01-24,canceled,2026-01-07 01:00:00+00:00
s_u0244_1,u0244,basic,9.99,USD,2026-01-08,,active,2026-01-08 01:00:00+00:00
s_u0245_1,u0245,basic,9.99,USD,2026-01-07,,active,2026-01-07 01:00:00+00:00
s_u0246_1,u0246,basic,9.99,USD,2026-01-10,2026-01-27,canceled,2026-01-10 01:00:00+00:00
s_u0247_1,u0247,team,49.99,USD,2026-01-11,2026-02-02,canceled,2026-01-11 01:00:00+00:00
s_u0248_1,u0248,pro,19.99,USD,2026-01-11,,active,2026-01-11 01:00:00+00:00
s_u0249_1,u0249,pro,19.99,USD,2026-01-05,,active,2026-01-05 01:00:00+00:00
s_u0249_2,u0249,basic,9.99,USD,2026-01-13,2026-01-20,canceled,2026-01-13 02:00:00+00:00
s_u0249_3,u0249,team,49.99,USD,2026-02-02,2026-02-11,canceled,2026-02-02 03:00:00+00:00
s_u0252_1,u0252,basic,9.99,USD,2026-01-08,2026-01-22,canceled,2026-01-08 01:00:00+00:00
s_u0253_1,u0253,team,49.99,USD,2026-01-08,2026-01-21,canceled,2026-01-08 01:00:00+00:00
s_u0255_1,u0255,pro,19.99,USD,2026-01-09,2026-01-29,canceled,2026-01-09 01:00:00+00:00
s_u0258_1,u0258,pro,19.99,USD,2026-01-10,2026-02-01,canceled,2026-01-10 01:00:00+00:00
s_u0262_1,u0262,team,49.99,USD,2026-01-08,2026-01-19,canceled,2026-01-08 01:00:00+00:00
s_u0263_1,u0263,pro,19.99,USD,2026-01-08,2026-02-02,canceled,2026-01-08 01:00:00+00:00
s_u0265_1,u0265,pro,19.99,USD,2026-01-05,,active,2026-01-05 01:00:00+00:00
s_u0265_2,u0265,basic,9.99,USD,2026-01-15,2026-01-23,canceled,2026-01-15 02:00:00+00:00
s_u0265_3,u0265,basic,9.99,USD,2026-01-30,,canceled,2026-01-30 03:00:00+00:00
s_u0266_1,u0266,basic,9.99,USD,2026-01-02,,active,2026-01-02 01:00:00+00:00
s_u0267_1,u0267,pro,19.99,USD,2026-01-04,2026-01-23,canceled,2026-01-04 01:00:00+00:00
s_u0267_3,u0267,basic,9.99,USD,2026-01-28,,canceled,2026-01-28 03:00:00+00:00
s_u0269_1,u0269,pro,19.99,USD,2026-01-06,,active,2026-01-06 01:00:00+00:00
s_u0270_1,u0270,basic,9.99,USD,2026-01-05,,active,2026-01-05 01:00:00+00:00
s_u0271_1,u0271,pro,19.99,USD,2026-01-11,2026-01-28,canceled,2026-01-11 01:00:00+00:00
s_u0272_1,u0272,basic,9.99,USD,2026-01-08,2026-01-31,canceled,2026-01-08 01:00:00+00:00
s_u0273_1,u0273,basic,9.99,USD,2026-01-04,2026-01-19,canceled,2026-01-04 01:00:00+00:00
s_u0273_3,u0273,pro,19.99,USD,2026-01-24,,canceled,2026-01-24 03:00:00+00:00
s_u0274_1,u0274,basic,9.99,USD,2026-01-11,,active,2026-01-11 01:00:00+00:00
s_u0275_1,u0275,basic,9.99,USD,2026-01-02,,active,2026-01-02 01:00:00+00:00
s_u0275_2,u0275,team,49.99,USD,2026-01-15,2026-02-03,canceled,2026-01-15 02:00:00+00:00
s_u0278_1,u0278,basic,9.99,USD,2026-01-13,,active,2026-01-13 01:00:00+00:00
s_u0279_1,u0279,team,49.99,USD,2026-01-07,2026-01-21,canceled,2026-01-07 01:00:00+00:00
s_u0283_1,u0283,basic,9.99,USD,2026-01-12,2026-02-04,canceled,2026-01-12 01:00:00+00:00
s_u0284_1,u0284,basic,9.99,USD,2026-01-12,2026-01-24,canceled,2026-01-12 01:00:00+00:00
s_u0286_1,u0286,team,49.99,USD,2026-01-03,2026-01-26,canceled,2026-01-03 01:00:00+00:00
s_u0286_2,u0286,basic,9.99,USD,2026-01-09,2026-01-17,canceled,2026-01-09 02:00:00+00:00
s_u0289_1,u0289,pro,19.99,USD,2026-01-15,2026-02-09,canceled,2026-01-15 01:00:00+00:00
s_u0290_1,u0290,pro,19.99,USD,2026-01-05,,active,2026-01-05 01:00:00+00:00
s_u0290_2,u0290,team,49.99,USD,2026-01-14,,active,2026-01-14 02:00:00+00:00
s_u0291_1,u0291,pro,19.99,USD,2026-01-16,,active,2026-01-16 01:00:00+00:00
s_u0293_1,u0293,pro,19.99,USD,2026-01-15,2026-01-27,canceled,2026-01-15 01:00:00+00:00
s_u0293_2,u0293,team,49.99,USD,2026-01-27,,active,2026-01-27 02:00:00+00:00
s_u0293_3,u0293,pro,19.99,USD,2026-01-29,,canceled,2026-01-29 03:00:00+00:00
s_u0295_1,u0295,pro,19.99,USD,2026-01-12,,active,2026-01-12 01:00:00+00:00
s_u0295_2,u0295,basic,9.99,USD,2026-01-15,,active,2026-01-15 02:00:00+00:00
s_u0296_1,u0296,basic,9.99,USD,2026-01-04,2026-01-14,canceled,2026-01-04 01:00:00+00:00
s_u0298_1,u0298,pro,19.99,USD,2026-01-10,,active,2026-01-10 01:00:00+00:00
s_u0298_3,u0298,basic,9.99,USD,2026-01-27,,active,2026-01-27 03:00:00+00:00
s_u0299_1,u0299,basic,9.99,USD,2026-01-02,2026-01-18,canceled,2026-01-02 01:00:00+00:00
s_u0299_3,u0299,pro,19.99,USD,2026-01-26,2026-02-12,active,2026-01-26 03:00:00+00:00
s_u0300_1,u0300,pro,19.99,USD,2026-01-05,2026-01-22,canceled,2026-01-05 01:00:00+00:00
s_u0302_1,u0302,basic,9.99,USD,2026-01-06,,active,2026-01-06 01:00:00+00:00
s_u0303_1,u0303,pro,19.99,USD,2026-01-07,,active,2026-01-07 01:00:00+00:00
s_u0304_1,u0304,basic,9.99,USD,2026-01-12,,active,2026-01-12 01:00:00+00:00
s_u0305_1,u0305,basic,9.99,USD,2026-01-06,2026-01-17,canceled,2026-01-06 01:00:00+00:00
s_u0310_1,u0310,basic,9.99,USD,2026-01-11,2026-01-22,canceled,2026-01-11 01:00:00+00:00
s_u0313_1,u0313,basic,9.99,USD,2026-01-10,2026-01-31,canceled,2026-01-10 01:00:00+00:00
s_u0314_1,u0314,basic,9.99,USD,2026-01-02,,active,2026-01-02 01:00:00+00:00
s_u0317_1,u0317,basic,9.99,USD,2026-01-13,,active,2026-01-13 01:00:00+00:00
s_u0319_1,u0319,pro,19.99,USD,2026-01-15,,active,2026-01-15 01:00:00+00:00
s_u0319_2,u0319,team,49.99,USD,2026-01-28,2026-02-04,canceled,2026-01-28 02:00:00+00:00
s_u0321_1,u0321,team,49.99,USD,2026-01-05,2026-01-19,canceled,2026-01-05 01:00:00+00:00
s_u0322_1,u0322,pro,19.99,USD,2026-01-04,,active,2026-01-04 01:00:00+00:00
s_u0323_1,u0323,pro,19.99,USD,2026-01-09,2026-01-21,canceled,2026-01-09 01:00:00+00:00
s_u0324_1,u0324,basic,9.99,USD,2026-01-03,,active,2026-01-03 01:00:00+00:00
s_u0326_1,u0326,basic,9.99,USD,2026-01-02,2026-01-19,canceled,2026-01-02 01:00:00+00:00
s_u0327_1,u0327,basic,9.99,USD,2026-01-06,2026-01-21,canceled,2026-01-06 01:00:00+00:00
s_u0327_2,u0327,team,49.99,USD,2026-01-18,2026-02-03,canceled,2026-01-18 02:00:00+00:00
s_u0329_1,u0329,team,49.99,USD,2026-01-10,,active,2026-01-10 01:00:00+00:00
s_u0330_1,u0330,basic,9.99,USD,2026-01-09,,active,2026-01-09 01:00:00+00:00
s_u0330_2,u0330,team,49.99,USD,2026-01-24,2026-02-06,canceled,2026-01-24 02:00:00+00:00
s_u0331_1,u0331,basic,9.99,USD,2026-01-05,,active,2026-01-05 01:00:00+00:00
s_u0332_1,u0332,basic,9.99,USD,2026-01-09,2026-01-23,canceled,2026-01-09 01:00:00+00:00
s_u0332_3,u0332,basic,9.99,USD,2026-01-25,2026-02-11,canceled,2026-01-25 03:00:00+00:00
s_u0334_1,u0334,pro,19.99,USD,2026-01-10,2026-01-23,canceled,2026-01-10 01:00:00+00:00
s_u0335_1,u0335,pro,19.99,USD,2026-01-15,,active,2026-01-15 01:00:00+00:00
s_u0335_2,u0335,team,49.99,USD,2026-01-23,,active,2026-01-23 02:00:00+00:00
s_u0335_3,u0335,pro,19.99,USD,2026-02-02,2026-02-18,canceled,2026-02-02 03:00:00+00:00
s_u0336_1,u0336,basic,9.99,USD,2026-01-16,,active,2026-01-16 01:00:00+00:00
s_u0337_1,u0337,basic,9.99,USD,2026-01-02,,active,2026-01-02 01:00:00+00:00
s_u0338_1,u0338,pro,19.99,USD,2026-01-04,,active,2026-01-04 01:00:00+00:00
s_u0338_2,u0338,team,49.99,USD,2026-01-16,2026-01-27,canceled,2026-01-16 02:00:00+00:00
s_u0338_3,u0338,pro,19.99,USD,2026-01-17,2026-01-25,active,2026-01-17 03:00:00+00:00
s_u0339_1,u0339,basic,9.99,USD,2026-01-09,,active,2026-01-09 01:00:00+00:00
s_u0339_2,u0339,pro,19.99,USD,2026-01-13,2026-02-01,canceled,2026-01-13 02:00:00+00:00
s_u0340_1,u0340,pro,19.99,USD,2026-01-13,2026-01-23,canceled,2026-01-13 01:00:00+00:00
s_u0341_1,u0341,basic,9.99,USD,2026-01-06,2026-01-30,canceled,2026-01-06 01:00:00+00:00
s_u0345_1,u0345,pro,19.99,USD,2026-01-07,,active,2026-01-07 01:00:00+00:00
s_u0347_1,u0347,pro,19.99,USD,2026-01-09,2026-01-31,canceled,2026-01-09 01:00:00+00:00
s_u0348_1,u0348,basic,9.99,USD,2026-01-03,2026-01-28,canceled,2026-01-03 01:00:00+00:00
s_u0348_2,u0348,team,49.99,USD,2026-01-13,,active,2026-01-13 02:00:00+00:00
s_u0349_1,u0349,basic,9.99,USD,2026-01-11,2026-01-23,canceled,2026-01-11 01:00:00+00:00
s_u0350_1,u0350,basic,9.99,USD,2026-01-07,2026-01-17,canceled,2026-01-07 01:00:00+00:00
s_u0351_1,u0351,basic,9.99,USD,2026-01-06,,active,2026-01-06 01:00:00+00:00
s_u0352_1,u0352,pro,19.99,USD,2026-01-05,2026-01-29,canceled,2026-01-05 01:00:00+00:00
s_u0354_1,u0354,basic,9.99,USD,2026-01-03,2026-01-20,canceled,2026-01-03 01:00:00+00:00
s_u0356_1,u0356,basic,9.99,USD,2026-01-03,,active,2026-01-03 01:00:00+00:00
s_u0357_1,u0357,basic,9.99,USD,2026-01-05,2026-01-21,canceled,2026-01-05 01:00:00+00:00
s_u0359_1,u0359,basic,9.99,USD,2026-01-12,2026-01-23,canceled,2026-01-12 01:00:00+00:00
s_u0360_1,u0360,pro,19.99,USD,2026-01-12,,active,2026-01-12 01:00:00+00:00
s_u0361_1,u0361,pro,19.99,USD,2026-01-12,,active,2026-01-12 01:00:00+00:00
s_u0361_3,u0361,pro,19.99,USD,2026-02-02,2026-02-14,canceled,2026-02-02 03:00:00+00:00
s_u0365_1,u0365,team,49.99,USD,2026-01-09,,active,2026-01-09 01:00:00+00:00
s_u0366_1,u0366,pro,19.99,USD,2026-01-12,2026-02-01,canceled,2026-01-12 01:00:00+00:00
s_u0367_1,u0367,basic,9.99,USD,2026-01-12,,active,2026-01-12 01:00:00+00:00
s_u0369_1,u0369,basic,9.99,USD,2026-01-08,2026-02-02,canceled,2026-01-08 01:00:00+00:00
s_u0371_1,u0371,pro,19.99,USD,2026-01-05,,active,2026-01-05 01:00:00+00:00
s_u0371_2,u0371,basic,9.99,USD,2026-01-13,,active,2026-01-13 02:00:00+00:00
s_u0372_1,u0372,pro,19.99,USD,2026-01-14,2026-02-02,canceled,2026-01-14 01:00:00+00:00
s_u0373_1,u0373,pro,19.99,USD,2026-01-13,,active,2026-01-13 01:00:00+00:00
s_u0373_2,u0373,team,49.99,USD,2026-01-17,,active,2026-01-17 02:00:00+00:00
s_u0376_1,u0376,pro,19.99,USD,2026-01-07,2026-01-31,canceled,2026-01-07 01:00:00+00:00
s_u0378_1,u0378,pro,19.99,USD,2026-01-12,2026-01-28,canceled,2026-01-12 01:00:00+00:00
s_u0378_2,u0378,basic,9.99,USD,2026-01-19,2026-02-06,canceled,2026-01-19 02:00:00+00:00
s_u0379_1,u0379,pro,19.99,USD,2026-01-04,,active,2026-01-04 01:00:00+00:00
s_u0380_1,u0380,basic,9.99,USD,2026-01-11,,active,2026-01-11 01:00:00+00:00
s_u0382_1,u0382,basic,9.99,USD,2026-01-12,2026-02-01,canceled,2026-01-12 01:00:00+00:00
s_u0383_1,u0383,basic,9.99,USD,2026-01-13,2026-01-25,canceled,2026-01-13 01:00:00+00:00
s_u0384_1,u0384,basic,9.99,USD,2026-01-13,2026-02-07,canceled,2026-01-13 01:00:00+00:00
s_u0384_3,u0384,pro,19.99,USD,2026-02-12,,canceled,2026-02-12 03:00:00+00:00
s_u0385_1,u0385,team,49.99,USD,2026-01-09,,active,2026-01-09 01:00:00+00:00
s_u0385_2,u0385,pro,19.99,USD,2026-01-22,2026-01-29,canceled,2026-01-22 02:00:00+00:00
s_u0386_1,u0386,pro,19.99,USD,2026-01-09,2026-02-03,canceled,2026-01-09 01:00:00+00:00
s_u0387_1,u0387,team,49.99,USD,2026-01-05,,active,2026-01-05 01:00:00+00:00
s_u0390_1,u0390,pro,19.99,USD,2026-01-10,2026-02-02,canceled,2026-01-10 01:00:00+00:00
s_u0391_1,u0391,basic,9.99,USD,2026-01-05,2026-01-17,canceled,2026-01-05 01:00:00+00:00
s_u0392_1,u0392,basic,9.99,USD,2026-01-05,,active,2026-01-05 01:00:00+00:00
s_u0392_3,u0392,pro,19.99,USD,2026-02-03,2026-02-10,canceled,2026-02-03 03:00:00+00:00
s_u0394_1,u0394,pro,19.99,USD,2026-01-02,,active,2026-01-02 01:00:00+00:00
s_u0395_1,u0395,pro,19.99,USD,2026-01-10,,active,2026-01-10 01:00:00+00:00
s_u0396_1,u0396,basic,9.99,USD,2026-01-09,,active,2026-01-09 01:00:00+00:00
s_u0399_1,u0399,team,49.99,USD,2026-01-15,2026-01-29,canceled,2026-01-15 01:00:00+00:00
s_u0399_2,u0399,pro,19.99,USD,2026-01-28,,active,2026-01-28 02:00:00+00:00
s_u0401_1,u0401,basic,9.99,USD,2026-01-10,2026-01-24,canceled,2026-01-10 01:00:00+00:00
s_u0401_2,u0401,team,49.99,USD,2026-01-11,2026-01-31,canceled,2026-01-11 02:00:00+00:00
s_u0402_1,u0402,pro,19.99,USD,2026-01-06,,active,2026-01-06 01:00:00+00:00
s_u0402_2,u0402,team,49.99,USD,2026-01-16,2026-02-02,canceled,2026-01-16 02:00:00+00:00
s_u0402_3,u0402,pro,19.99,USD,2026-01-28,2026-02-09,canceled,2026-01-28 03:00:00+00:00
s_u0405_1,u0405,pro,19.99,USD,2026-01-12,2026-02-04,canceled,2026-01-12 01:00:00+00:00
s_u0407_1,u0407,basic,9.99,USD,2026-01-08,,active,2026-01-08 01:00:00+00:00
s_u0409_1,u0409,basic,9.99,USD,2026-01-09,2026-01-21,canceled,2026-01-09 01:00:00+00:00
s_u0409_2,u0409,pro,19.99,USD,2026-01-18,,active,2026-01-18 02:00:00+00:00
s_u0409_3,u0409,basic,9.99,USD,2026-01-27,2026-02-13,canceled,2026-01-27 03:00:00+00:00
s_u0410_1,u0410,pro,19.99,USD,2026-01-06,2026-01-24,canceled,2026-01-06 01:00:00+00:00
s_u0411_1,u0411,basic,9.99,USD,2026-01-05,2026-01-24,canceled,2026-01-05 01:00:00+00:00
s_u0411_3,u0411,basic,9.99,USD,2026-01-26,2026-02-12,active,2026-01-26 03:00:00+00:00
s_u0415_1,u0415,basic,9.99,USD,2026-01-07,,active,2026-01-07 01:00:00+00:00
s_u0416_1,u0416,basic,9.99,USD,2026-01-08,2026-01-25,canceled,2026-01-08 01:00:00+00:00
s_u0416_2,u0416,team,49.99,USD,2026-01-19,2026-02-02,canceled,2026-01-19 02:00:00+00:00
s_u0416_3,u0416,pro,19.99,USD,2026-01-27,,canceled,2026-01-27 03:00:00+00:00
s_u0417_1,u0417,pro,19.99,USD,2026-01-08,,active,2026-01-08 01:00:00+00:00
s_u0418_1,u0418,basic,9.99,USD,2026-01-03,2026-01-25,canceled,2026-01-03 01:00:00+00:00
s_u0419_1,u0419,basic,9.99,USD,2026-01-07,2026-01-31,canceled,2026-01-07 01:00:00+00:00
s_u0419_2,u0419,team,49.99,USD,2026-01-15,,active,2026-01-15 02:00:00+00:00
s_u0420_1,u0420,basic,9.99,USD,2026-01-04,,active,2026-01-04 01:00:00+00:00
s_u0420_2,u0420,pro,19.99,USD,2026-01-19,,active,2026-01-19 02:00:00+00:00
s_u0421_1,u0421,basic,9.99,USD,2026-01-13,,active,2026-01-13 01:00:00+00:00
s_u0421_2,u0421,pro,19.99,USD,2026-01-26,2026-02-11,canceled,2026-01-26 02:00:00+00:00
s_u0426_1,u0426,pro,19.99,USD,2026-01-14,2026-02-08,canceled,2026-01-14 01:00:00+00:00
s_u0429_1,u0429,pro,19.99,USD,2026-01-08,,active,2026-01-08 01:00:00+00:00
s_u0430_1,u0430,basic,9.99,USD,2026-01-02,2026-01-12,canceled,2026-01-02 01:00:00+00:00
s_u0431_1,u0431,basic,9.99,USD,2026-01-05,,active,2026-01-05 01:00:00+00:00
s_u0431_2,u0431,pro,19.99,USD,2026-01-11,2026-01-20,canceled,2026-01-11 02:00:00+00:00
s_u0432_1,u0432,team,49.99,USD,2026-01-07,,active,2026-01-07 01:00:00+00:00
s_u0432_2,u0432,pro,19.99,USD,2026-01-15,2026-01-29,canceled,2026-01-15 02:00:00+00:00
s_u0433_1,u0433,pro,19.99,USD,2026-01-06,,active,2026-01-06 01:00:00+00:00
s_u0434_1,u0434,pro,19.99,USD,2026-01-15,2026-02-07,canceled,2026-01-15 01:00:00+00:00
s_u0434_2,u0434,basic,9.99,USD,2026-01-29,,active,2026-01-29 02:00:00+00:00
s_u0436_1,u0436,basic,9.99,USD,2026-01-02,,active,2026-01-02 01:00:00+00:00
s_u0437_1,u0437,basic,9.99,USD,2026-01-16,,active,2026-01-16 01:00:00+00:00
s_u0438_1,u0438,pro,19.99,USD,2026-01-11,,active,2026-01-11 01:00:00+00:00
s_u0440_1,u0440,basic,9.99,USD,2026-01-08,2026-01-23,canceled,2026-01-08 01:00:00+00:00
s_u0442_1,u0442,pro,19.99,USD,2026-01-06,,active,2026-01-06 01:00:00+00:00
s_u0443_1,u0443,pro,19.99,USD,2026-01-07,2026-01-19,canceled,2026-01-07 01:00:00+00:00
s_u0446_1,u0446,pro,19.99,USD,2026-01-07,2026-01-18,canceled,2026-01-07 01:00:00+00:00
s_u0447_1,u0447,pro,19.99,USD,2026-01-14,2026-02-02,canceled,2026-01-14 01:00:00+00:00
s_u0449_1,u0449,pro,19.99,USD,2026-01-13,2026-01-30,canceled,2026-01-13 01:00:00+00:00
s_u0449_2,u0449,team,49.99,USD,2026-01-24,,active,2026-01-24 02:00:00+00:00
s_u0450_1,u0450,pro,19.99,USD,2026-01-10,,active,2026-01-10 01:00:00+00:00
s_u0452_1,u0452,team,49.99,USD,2026-01-06,,active,2026-01-06 01:00:00+00:00
s_u0452_3,u0452,basic,9.99,USD,2026-02-01,,active,2026-02-01 03:00:00+00:00
s_u0456_1,u0456,pro,19.99,USD,2026-01-11,,active,2026-01-11 01:00:00+00:00
s_u0457_1,u0457,pro,19.99,USD,2026-01-03,2026-01-28,canceled,2026-01-03 01:00:00+00:00
s_u0457_2,u0457,basic,9.99,USD,2026-01-18,,active,2026-01-18 02:00:00+00:00
s_u0458_1,u0458,basic,9.99,USD,2026-01-04,2026-01-21,canceled,2026-01-04 01:00:00+00:00
s_u0459_1,u0459,pro,19.99,USD,2026-01-10,2026-02-04,canceled,2026-01-10 01:00:00+00:00
s_u0459_2,u0459,team,49.99,USD,2026-01-17,2026-02-03,canceled,2026-01-17 02:00:00+00:00
s_u0461_1,u0461,basic,9.99,USD,2026-01-05,2026-01-21,canceled,2026-01-05 01:00:00+00:00
s_u0462_1,u0462,pro,19.99,USD,2026-01-10,,active,2026-01-10 01:00:00+00:00
s_u0463_1,u0463,basic,9.99,USD,2026-01-10,,active,2026-01-10 01:00:00+00:00
s_u0465_1,u0465,team,49.99,USD,2026-01-12,,active,2026-01-12 01:00:00+00:00
s_u0465_2,u0465,pro,19.99,USD,2026-01-24,2026-01-31,canceled,2026-01-24 02:00:00+00:00
s_u0467_1,u0467,team,49.99,USD,2026-01-15,2026-02-08,canceled,2026-01-15 01:00:00+00:00
s_u0467_2,u0467,basic,9.99,USD,2026-01-26,,active,2026-01-26 02:00:00+00:00
s_u0468_1,u0468,basic,9.99,USD,2026-01-09,,active,2026-01-09 01:00:00+00:00
s_u0468_2,u0468,team,49.99,USD,2026-01-17,,active,2026-01-17 02:00:00+00:00
s_u0469_1,u0469,basic,9.99,USD,2026-01-04,,active,2026-01-04 01:00:00+00:00
s_u0471_1,u0471,pro,19.99,USD,2026-01-11,,active,2026-01-11 01:00:00+00:00
s_u0473_1,u0473,basic,9.99,USD,2026-01-05,2026-01-30,canceled,2026-01-05 01:00:00+00:00
s_u0474_1,u0474,pro,19.99,USD,2026-01-03,,active,2026-01-03 01:00:00+00:00
s_u0475_1,u0475,basic,9.99,USD,2026-01-08,2026-01-26,canceled,2026-01-08 01:00:00+00:00
s_u0477_1,u0477,pro,19.99,USD,2026-01-11,,active,2026-01-11 01:00:00+00:00
s_u0479_1,u0479,basic,9.99,USD,2026-01-06,2026-01-25,canceled,2026-01-06 01:00:00+00:00
s_u0481_1,u0481,pro,19.99,USD,2026-01-11,2026-01-23,canceled,2026-01-11 01:00:00+00:00
s_u0484_1,u0484,basic,9.99,USD,2026-01-06,,active,2026-01-06 01:00:00+00:00
s_u0486_1,u0486,basic,9.99,USD,2026-01-07,2026-01-19,canceled,2026-01-07 01:00:00+00:00
s_u0486_3,u0486,team,49.99,USD,2026-01-24,2026-02-08,active,2026-01-24 03:00:00+00:00
s_u0487_1,u0487,team,49.99,USD,2026-01-11,,active,2026-01-11 01:00:00+00:00
s_u0488_1,u0488,pro,19.99,USD,2026-01-11,2026-01-25,canceled,2026-01-11 01:00:00+00:00
s_u0488_3,u0488,pro,19.99,USD,2026-02-02,,canceled,2026-02-02 03:00:00+00:00
s_u0491_1,u0491,basic,9.99,USD,2026-01-09,,active,2026-01-09 01:00:00+00:00
s_u0492_1,u0492,pro,19.99,USD,2026-01-15,,active,2026-01-15 01:00:00+00:00
s_u0492_2,u0492,basic,9.99,USD,2026-01-27,,active,2026-01-27 02:00:00+00:00
s_u0493_1,u0493,pro,19.99,USD,2026-01-03,2026-01-24,canceled,2026-01-03 01:00:00+00:00
s_u0494_1,u0494,pro,19.99,USD,2026-01-11,,active,2026-01-11 01:00:00+00:00
s_u0495_1,u0495,basic,9.99,USD,2026-01-12,,active,2026-01-12 01:00:00+00:00
s_u0496_1,u0496,basic,9.99,USD,2026-01-09,,active,2026-01-09 01:00:00+00:00
s_u0497_1,u0497,pro,19.99,USD,2026-01-06,2026-01-24,canceled,2026-01-06 01:00:00+00:00
s_u0497_2,u0497,team,49.99,USD,2026-01-12,,active,2026-01-12 02:00:00+00:00
s_u0498_1,u0498,basic,9.99,USD,2026-01-12,,active,2026-01-12 01:00:00+00:00
s_u0499_1,u0499,basic,9.99,USD,2026-01-06,2026-01-23,canceled,2026-01-06 01:00:00+00:00
s_u0499_2,u0499,pro,19.99,USD,2026-01-16,2026-02-04,canceled,2026-01-16 02:00:00+00:00
s_u0500_1,u0500,pro,19.99,USD,2026-01-08,2026-01-20,canceled,2026-01-08 01:00:00+00:00
s_u0500_2,u0500,team,49.99,USD,2026-01-14,,active,2026-01-14 02:00:00+00:00
s_u0013_2,u0013,pro,19.99,USD,2026-01-27,,canceled,2026-01-27 02:00:00+00:00
